{
  "dataset": "ETTh2",
  "pred_len": 192,
  "best_lambda": 0.01,
  "test_mse": 0.5900810404544183,
  "test_mae": 0.5294141072374777,
  "robustness": {
    "impulse_mse": 1.5099133986798332,
    "impulse_degradation": 1.5588237804032083,
    "spurious_mse": 1.230018702429361,
    "spurious_degradation": 1.0844911429150985
  },
  "best_model_path": "results/lambda_search_models/ETTh2_192_0.01.pth",
  "timestamp": "2025-07-28T02:34:21.894361"
}