{
  "dataset": "ETTm2",
  "pred_len": 336,
  "best_lambda": 100.0,
  "test_mse": 0.378523185146276,
  "test_mae": 0.4603495595925027,
  "robustness": {
    "impulse_mse": 0.843375546458316,
    "impulse_degradation": 1.228068397269782,
    "spurious_mse": 1.0753443406752043,
    "spurious_degradation": 1.8408942513247892
  },
  "best_model_path": "results/lambda_search_models/ETTm2_336_100.0.pth",
  "timestamp": "2025-07-28T02:35:11.677141"
}