{
  "dataset": "traffic",
  "pred_len": 192,
  "best_lambda": 5.0,
  "test_mse": 0.660532117285034,
  "test_mae": 0.380100373088986,
  "robustness": {
    "impulse_mse": 0.6605122329970197,
    "impulse_degradation": -3.0103438567211484e-05,
    "spurious_mse": 0.660540420614095,
    "spurious_degradation": 1.2570666654510148e-05
  },
  "best_model_path": "results/lambda_search_models/traffic_192_5.0.pth",
  "timestamp": "2025-07-28T02:38:46.649078"
}